{"calib_x_min": 0.3002893328666687, "calib_y_min": 0.4377690851688385, "calib_x_max": 0.7070693373680115, "calib_y_max": 0.8172941207885742}